date,areaType,areaCode,areaName,newAdmissions,newCasesBySpecimenDate,newDeaths28DaysByDeathDate
"2020-12-27",nation,W92000004,Wales,,4,0
"2020-12-26",nation,W92000004,Wales,,678,11
"2020-12-25",nation,W92000004,Wales,,568,7
"2020-12-24",nation,W92000004,Wales,,1372,28
"2020-12-23",nation,W92000004,Wales,,2400,27
"2020-12-22",nation,W92000004,Wales,124,2681,33
"2020-12-21",nation,W92000004,Wales,92,2741,34
"2020-12-20",nation,W92000004,Wales,90,2203,33
"2020-12-19",nation,W92000004,Wales,107,2170,33
"2020-12-18",nation,W92000004,Wales,119,2536,45
"2020-12-17",nation,W92000004,Wales,128,2776,47
"2020-12-16",nation,W92000004,Wales,131,3142,34
"2020-12-15",nation,W92000004,Wales,88,3181,31
"2020-12-14",nation,W92000004,Wales,67,3539,29
"2020-12-13",nation,W92000004,Wales,64,2734,22
"2020-12-12",nation,W92000004,Wales,102,2284,33
"2020-12-11",nation,W92000004,Wales,117,2812,26
"2020-12-10",nation,W92000004,Wales,105,2664,32
"2020-12-09",nation,W92000004,Wales,76,2692,25
"2020-12-08",nation,W92000004,Wales,98,2602,26
"2020-12-07",nation,W92000004,Wales,63,2511,20
"2020-12-06",nation,W92000004,Wales,62,1697,25
"2020-12-05",nation,W92000004,Wales,81,1533,19
"2020-12-04",nation,W92000004,Wales,58,1698,26
"2020-12-03",nation,W92000004,Wales,50,1807,27
"2020-12-02",nation,W92000004,Wales,84,1643,22
"2020-12-01",nation,W92000004,Wales,102,1611,18
"2020-11-30",nation,W92000004,Wales,62,1505,17
"2020-11-29",nation,W92000004,Wales,73,966,24
"2020-11-28",nation,W92000004,Wales,66,844,32
"2020-11-27",nation,W92000004,Wales,86,1035,26
"2020-11-26",nation,W92000004,Wales,93,1159,30
"2020-11-25",nation,W92000004,Wales,70,1338,17
"2020-11-24",nation,W92000004,Wales,78,1093,18
"2020-11-23",nation,W92000004,Wales,71,1031,25
"2020-11-22",nation,W92000004,Wales,62,717,27
"2020-11-21",nation,W92000004,Wales,84,680,25
"2020-11-20",nation,W92000004,Wales,77,936,21
"2020-11-19",nation,W92000004,Wales,67,920,25
"2020-11-18",nation,W92000004,Wales,80,987,18
"2020-11-17",nation,W92000004,Wales,72,1040,29
"2020-11-16",nation,W92000004,Wales,71,993,23
"2020-11-15",nation,W92000004,Wales,69,628,25
"2020-11-14",nation,W92000004,Wales,89,628,19
"2020-11-13",nation,W92000004,Wales,74,860,30
"2020-11-12",nation,W92000004,Wales,100,772,27
"2020-11-11",nation,W92000004,Wales,95,855,29
"2020-11-10",nation,W92000004,Wales,104,963,28
"2020-11-09",nation,W92000004,Wales,64,1011,29
"2020-11-08",nation,W92000004,Wales,75,696,29
"2020-11-07",nation,W92000004,Wales,112,605,15
"2020-11-06",nation,W92000004,Wales,82,877,26
"2020-11-05",nation,W92000004,Wales,102,1017,31
"2020-11-04",nation,W92000004,Wales,129,1094,22
"2020-11-03",nation,W92000004,Wales,104,1234,23
"2020-11-02",nation,W92000004,Wales,75,1410,17
"2020-11-01",nation,W92000004,Wales,76,948,27
"2020-10-31",nation,W92000004,Wales,80,879,12
"2020-10-30",nation,W92000004,Wales,97,1241,14
"2020-10-29",nation,W92000004,Wales,86,1583,21
"2020-10-28",nation,W92000004,Wales,83,1357,11
"2020-10-27",nation,W92000004,Wales,114,1478,23
"2020-10-26",nation,W92000004,Wales,76,1556,15
"2020-10-25",nation,W92000004,Wales,78,940,16
"2020-10-24",nation,W92000004,Wales,98,1025,15
"2020-10-23",nation,W92000004,Wales,123,1197,11
"2020-10-22",nation,W92000004,Wales,107,1056,28
"2020-10-21",nation,W92000004,Wales,92,1266,13
"2020-10-20",nation,W92000004,Wales,77,1237,4
"2020-10-19",nation,W92000004,Wales,60,1111,13
"2020-10-18",nation,W92000004,Wales,88,716,11
"2020-10-17",nation,W92000004,Wales,112,708,4
"2020-10-16",nation,W92000004,Wales,105,952,6
"2020-10-15",nation,W92000004,Wales,102,791,7
"2020-10-14",nation,W92000004,Wales,123,904,7
"2020-10-13",nation,W92000004,Wales,98,952,8
"2020-10-12",nation,W92000004,Wales,86,782,4
"2020-10-11",nation,W92000004,Wales,79,626,4
"2020-10-10",nation,W92000004,Wales,103,619,3
"2020-10-09",nation,W92000004,Wales,60,782,6
"2020-10-08",nation,W92000004,Wales,76,827,6
"2020-10-07",nation,W92000004,Wales,85,851,11
"2020-10-06",nation,W92000004,Wales,80,771,4
"2020-10-05",nation,W92000004,Wales,59,703,10
"2020-10-04",nation,W92000004,Wales,92,614,3
"2020-10-03",nation,W92000004,Wales,79,518,8
"2020-10-02",nation,W92000004,Wales,94,601,2
"2020-10-01",nation,W92000004,Wales,79,627,5
"2020-09-30",nation,W92000004,Wales,61,601,4
"2020-09-29",nation,W92000004,Wales,90,466,4
"2020-09-28",nation,W92000004,Wales,71,426,3
"2020-09-27",nation,W92000004,Wales,56,317,3
"2020-09-26",nation,W92000004,Wales,61,403,2
"2020-09-25",nation,W92000004,Wales,67,385,1
"2020-09-24",nation,W92000004,Wales,94,316,0
"2020-09-23",nation,W92000004,Wales,70,378,3
"2020-09-22",nation,W92000004,Wales,43,379,3
"2020-09-21",nation,W92000004,Wales,59,313,1
"2020-09-20",nation,W92000004,Wales,28,252,1
"2020-09-19",nation,W92000004,Wales,34,280,0
"2020-09-18",nation,W92000004,Wales,41,246,0
"2020-09-17",nation,W92000004,Wales,42,261,2
"2020-09-16",nation,W92000004,Wales,65,207,2
"2020-09-15",nation,W92000004,Wales,53,164,2
"2020-09-14",nation,W92000004,Wales,59,191,0
"2020-09-13",nation,W92000004,Wales,55,164,1
"2020-09-12",nation,W92000004,Wales,55,140,0
"2020-09-11",nation,W92000004,Wales,70,145,1
"2020-09-10",nation,W92000004,Wales,49,186,0
"2020-09-09",nation,W92000004,Wales,56,158,0
"2020-09-08",nation,W92000004,Wales,65,143,0
"2020-09-07",nation,W92000004,Wales,46,159,0
"2020-09-06",nation,W92000004,Wales,42,131,0
"2020-09-05",nation,W92000004,Wales,27,128,0
"2020-09-04",nation,W92000004,Wales,69,149,0
"2020-09-03",nation,W92000004,Wales,70,125,1
"2020-09-02",nation,W92000004,Wales,59,95,0
"2020-09-01",nation,W92000004,Wales,69,57,0
"2020-08-31",nation,W92000004,Wales,29,44,2
"2020-08-30",nation,W92000004,Wales,33,46,0
"2020-08-29",nation,W92000004,Wales,52,44,0
"2020-08-28",nation,W92000004,Wales,83,52,0
"2020-08-27",nation,W92000004,Wales,70,50,0
"2020-08-26",nation,W92000004,Wales,69,44,0
"2020-08-25",nation,W92000004,Wales,49,50,0
"2020-08-24",nation,W92000004,Wales,36,36,1
"2020-08-23",nation,W92000004,Wales,26,11,0
"2020-08-22",nation,W92000004,Wales,39,19,1
"2020-08-21",nation,W92000004,Wales,54,22,0
"2020-08-20",nation,W92000004,Wales,39,31,0
"2020-08-19",nation,W92000004,Wales,45,35,0
"2020-08-18",nation,W92000004,Wales,63,38,2
"2020-08-17",nation,W92000004,Wales,38,19,0
"2020-08-16",nation,W92000004,Wales,37,18,0
"2020-08-15",nation,W92000004,Wales,52,10,0
"2020-08-14",nation,W92000004,Wales,39,17,1
"2020-08-13",nation,W92000004,Wales,63,17,1
"2020-08-12",nation,W92000004,Wales,45,24,1
"2020-08-11",nation,W92000004,Wales,47,27,0
"2020-08-10",nation,W92000004,Wales,31,19,2
"2020-08-09",nation,W92000004,Wales,51,8,0
"2020-08-08",nation,W92000004,Wales,55,5,2
"2020-08-07",nation,W92000004,Wales,53,15,5
"2020-08-06",nation,W92000004,Wales,45,22,0
"2020-08-05",nation,W92000004,Wales,74,22,3
"2020-08-04",nation,W92000004,Wales,65,24,4
"2020-08-03",nation,W92000004,Wales,29,22,1
"2020-08-02",nation,W92000004,Wales,35,14,2
"2020-08-01",nation,W92000004,Wales,73,16,2
"2020-07-31",nation,W92000004,Wales,54,16,4
"2020-07-30",nation,W92000004,Wales,53,30,2
"2020-07-29",nation,W92000004,Wales,64,27,4
"2020-07-28",nation,W92000004,Wales,49,27,2
"2020-07-27",nation,W92000004,Wales,43,23,1
"2020-07-26",nation,W92000004,Wales,45,35,2
"2020-07-25",nation,W92000004,Wales,48,24,2
"2020-07-24",nation,W92000004,Wales,61,30,1
"2020-07-23",nation,W92000004,Wales,88,31,0
"2020-07-22",nation,W92000004,Wales,72,25,1
"2020-07-21",nation,W92000004,Wales,46,61,1
"2020-07-20",nation,W92000004,Wales,43,43,0
"2020-07-19",nation,W92000004,Wales,51,10,0
"2020-07-18",nation,W92000004,Wales,54,11,0
"2020-07-17",nation,W92000004,Wales,59,17,0
"2020-07-16",nation,W92000004,Wales,48,25,1
"2020-07-15",nation,W92000004,Wales,48,18,0
"2020-07-14",nation,W92000004,Wales,63,23,1
"2020-07-13",nation,W92000004,Wales,50,24,2
"2020-07-12",nation,W92000004,Wales,41,10,0
"2020-07-11",nation,W92000004,Wales,76,12,1
"2020-07-10",nation,W92000004,Wales,68,29,0
"2020-07-09",nation,W92000004,Wales,75,22,1
"2020-07-08",nation,W92000004,Wales,63,14,1
"2020-07-07",nation,W92000004,Wales,64,29,1
"2020-07-06",nation,W92000004,Wales,50,35,2
"2020-07-05",nation,W92000004,Wales,63,12,2
"2020-07-04",nation,W92000004,Wales,78,9,2
"2020-07-03",nation,W92000004,Wales,65,19,0
"2020-07-02",nation,W92000004,Wales,64,28,3
"2020-07-01",nation,W92000004,Wales,66,27,4
"2020-06-30",nation,W92000004,Wales,104,35,4
"2020-06-29",nation,W92000004,Wales,46,43,3
"2020-06-28",nation,W92000004,Wales,47,28,2
"2020-06-27",nation,W92000004,Wales,74,140,6
"2020-06-26",nation,W92000004,Wales,88,19,2
"2020-06-25",nation,W92000004,Wales,64,60,9
"2020-06-24",nation,W92000004,Wales,101,37,6
"2020-06-23",nation,W92000004,Wales,79,131,1
"2020-06-22",nation,W92000004,Wales,67,66,2
"2020-06-21",nation,W92000004,Wales,68,76,5
"2020-06-20",nation,W92000004,Wales,68,47,3
"2020-06-19",nation,W92000004,Wales,78,140,4
"2020-06-18",nation,W92000004,Wales,87,62,0
"2020-06-17",nation,W92000004,Wales,91,64,1
"2020-06-16",nation,W92000004,Wales,95,82,8
"2020-06-15",nation,W92000004,Wales,68,66,6
"2020-06-14",nation,W92000004,Wales,52,54,7
"2020-06-13",nation,W92000004,Wales,114,70,6
"2020-06-12",nation,W92000004,Wales,90,75,4
"2020-06-11",nation,W92000004,Wales,104,66,5
"2020-06-10",nation,W92000004,Wales,97,67,7
"2020-06-09",nation,W92000004,Wales,84,62,4
"2020-06-08",nation,W92000004,Wales,59,74,7
"2020-06-07",nation,W92000004,Wales,76,34,8
"2020-06-06",nation,W92000004,Wales,92,53,9
"2020-06-05",nation,W92000004,Wales,82,55,4
"2020-06-04",nation,W92000004,Wales,97,60,12
"2020-06-03",nation,W92000004,Wales,131,75,7
"2020-06-02",nation,W92000004,Wales,106,73,5
"2020-06-01",nation,W92000004,Wales,73,64,9
"2020-05-31",nation,W92000004,Wales,68,46,7
"2020-05-30",nation,W92000004,Wales,93,70,10
"2020-05-29",nation,W92000004,Wales,99,106,11
"2020-05-28",nation,W92000004,Wales,120,102,16
"2020-05-27",nation,W92000004,Wales,106,118,6
"2020-05-26",nation,W92000004,Wales,96,102,10
"2020-05-25",nation,W92000004,Wales,82,105,10
"2020-05-24",nation,W92000004,Wales,78,82,12
"2020-05-23",nation,W92000004,Wales,121,122,7
"2020-05-22",nation,W92000004,Wales,81,137,10
"2020-05-21",nation,W92000004,Wales,105,132,9
"2020-05-20",nation,W92000004,Wales,95,166,7
"2020-05-19",nation,W92000004,Wales,105,213,11
"2020-05-18",nation,W92000004,Wales,77,168,10
"2020-05-17",nation,W92000004,Wales,98,118,11
"2020-05-16",nation,W92000004,Wales,117,166,13
"2020-05-15",nation,W92000004,Wales,88,179,16
"2020-05-14",nation,W92000004,Wales,105,132,12
"2020-05-13",nation,W92000004,Wales,119,153,16
"2020-05-12",nation,W92000004,Wales,92,150,11
"2020-05-11",nation,W92000004,Wales,108,178,15
"2020-05-10",nation,W92000004,Wales,114,107,10
"2020-05-09",nation,W92000004,Wales,106,136,7
"2020-05-08",nation,W92000004,Wales,127,115,13
"2020-05-07",nation,W92000004,Wales,119,176,19
"2020-05-06",nation,W92000004,Wales,103,171,23
"2020-05-05",nation,W92000004,Wales,136,175,17
"2020-05-04",nation,W92000004,Wales,121,139,23
"2020-05-03",nation,W92000004,Wales,94,105,14
"2020-05-02",nation,W92000004,Wales,142,179,14
"2020-05-01",nation,W92000004,Wales,107,176,29
"2020-04-30",nation,W92000004,Wales,132,200,16
"2020-04-29",nation,W92000004,Wales,127,176,26
"2020-04-28",nation,W92000004,Wales,139,153,15
"2020-04-27",nation,W92000004,Wales,95,172,16
"2020-04-26",nation,W92000004,Wales,97,121,16
"2020-04-25",nation,W92000004,Wales,112,136,29
"2020-04-24",nation,W92000004,Wales,135,213,31
"2020-04-23",nation,W92000004,Wales,134,201,18
"2020-04-22",nation,W92000004,Wales,127,253,23
"2020-04-21",nation,W92000004,Wales,117,259,30
"2020-04-20",nation,W92000004,Wales,114,281,25
"2020-04-19",nation,W92000004,Wales,102,181,26
"2020-04-18",nation,W92000004,Wales,129,247,32
"2020-04-17",nation,W92000004,Wales,151,324,29
"2020-04-16",nation,W92000004,Wales,104,363,35
"2020-04-15",nation,W92000004,Wales,151,361,38
"2020-04-14",nation,W92000004,Wales,106,317,26
"2020-04-13",nation,W92000004,Wales,130,273,43
"2020-04-12",nation,W92000004,Wales,168,247,37
"2020-04-11",nation,W92000004,Wales,106,247,31
"2020-04-10",nation,W92000004,Wales,129,308,25
"2020-04-09",nation,W92000004,Wales,126,391,43
"2020-04-08",nation,W92000004,Wales,158,386,42
"2020-04-07",nation,W92000004,Wales,196,386,32
"2020-04-06",nation,W92000004,Wales,123,383,20
"2020-04-05",nation,W92000004,Wales,134,223,30
"2020-04-04",nation,W92000004,Wales,134,282,31
"2020-04-03",nation,W92000004,Wales,110,330,29
"2020-04-02",nation,W92000004,Wales,139,336,28
"2020-04-01",nation,W92000004,Wales,207,327,21
"2020-03-31",nation,W92000004,Wales,158,277,15
"2020-03-30",nation,W92000004,Wales,147,343,16
"2020-03-29",nation,W92000004,Wales,133,159,18
"2020-03-28",nation,W92000004,Wales,126,167,15
"2020-03-27",nation,W92000004,Wales,118,193,10
"2020-03-26",nation,W92000004,Wales,107,177,11
"2020-03-25",nation,W92000004,Wales,178,190,10
"2020-03-24",nation,W92000004,Wales,63,141,9
"2020-03-23",nation,W92000004,Wales,32,133,4
"2020-03-22",nation,W92000004,Wales,,76,5
"2020-03-21",nation,W92000004,Wales,,75,7
"2020-03-20",nation,W92000004,Wales,,73,2
"2020-03-19",nation,W92000004,Wales,,60,3
"2020-03-18",nation,W92000004,Wales,,36,0
"2020-03-17",nation,W92000004,Wales,,37,0
"2020-03-16",nation,W92000004,Wales,,37,3
"2020-03-15",nation,W92000004,Wales,,32,
"2020-03-14",nation,W92000004,Wales,,19,
"2020-03-13",nation,W92000004,Wales,,28,
"2020-03-12",nation,W92000004,Wales,,25,
"2020-03-11",nation,W92000004,Wales,,15,
"2020-03-10",nation,W92000004,Wales,,12,
"2020-03-09",nation,W92000004,Wales,,3,
"2020-03-08",nation,W92000004,Wales,,1,
"2020-03-07",nation,W92000004,Wales,,2,
"2020-03-06",nation,W92000004,Wales,,0,
"2020-03-05",nation,W92000004,Wales,,0,
"2020-03-04",nation,W92000004,Wales,,1,
"2020-03-03",nation,W92000004,Wales,,0,
"2020-03-02",nation,W92000004,Wales,,0,
"2020-03-01",nation,W92000004,Wales,,0,
"2020-02-29",nation,W92000004,Wales,,0,
"2020-02-28",nation,W92000004,Wales,,0,
"2020-02-27",nation,W92000004,Wales,,1,